,pearson,kendall,spearman,rmse,mse,mue,source
simulation_mbar_espaloma-0.3.1,"0.28 [68%: 0.10, 0.47]","0.29 [68%: 0.14, 0.43]","0.37 [68%: 0.16, 0.57]","3.23 [68%: 2.89, 3.53]","-2.74 [68%: -3.06, -2.43]","2.85 [68%: 2.57, 3.13]",P38
simulation_mbar_gaff-2.11,"0.61 [68%: 0.49, 0.72]","0.41 [68%: 0.29, 0.53]","0.57 [68%: 0.42, 0.69]","2.18 [68%: 1.98, 2.36]","-1.87 [68%: -2.08, -1.65]","1.92 [68%: 1.71, 2.11]",P38
simulation_mbar_openff-2.0.0,"0.58 [68%: 0.45, 0.68]","0.40 [68%: 0.30, 0.50]","0.59 [68%: 0.45, 0.69]","2.92 [68%: 2.7, 3.12]","-2.62 [68%: -2.86, -2.39]","2.62 [68%: 2.39, 2.86]",P38
simulation_dg-c2-pb_espaloma-0.3.1,"0.16 [68%: 0.02, 0.31]","0.09 [68%: -0.03, 0.21]","0.15 [68%: -0.04, 0.31]","6.46 [68%: 5.75, 7.09]","-4.6 [68%: -5.43, -3.75]","5.51 [68%: 4.89, 6.13]",P38
simulation_dg-c2-pb_gaff-2.11,"0.20 [68%: -0.01, 0.39]","0.10 [68%: -0.05, 0.24]","0.14 [68%: -0.06, 0.33]","4.85 [68%: 4.14, 5.48]","-1.73 [68%: -2.59, -0.89]","3.65 [68%: 3.06, 4.24]",P38
simulation_dg-c2-pb_openff-2.0.0,"0.38 [68%: 0.20, 0.56]","0.34 [68%: 0.21, 0.47]","0.46 [68%: 0.29, 0.62]","4.96 [68%: 4.39, 5.47]","-2.3 [68%: -3.11, -1.48]","4.09 [68%: 3.56, 4.62]",P38
simulation_dg-c2-gb_espaloma-0.3.1,"0.23 [68%: 0.07, 0.38]","0.18 [68%: 0.05, 0.31]","0.26 [68%: 0.08, 0.43]","17.47 [68%: 16.53, 18.35]","-16.5 [68%: -17.54, -15.43]","16.5 [68%: 15.43, 17.54]",P38
simulation_dg-c2-gb_gaff-2.11,"0.24 [68%: 0.01, 0.45]","0.18 [68%: 0.02, 0.33]","0.21 [68%: -0.00, 0.43]","15.4 [68%: 14.45, 16.31]","-14.59 [68%: -15.53, -13.69]","14.59 [68%: 13.69, 15.53]",P38
simulation_dg-c2-gb_openff-2.0.0,"0.27 [68%: 0.09, 0.47]","0.25 [68%: 0.11, 0.38]","0.35 [68%: 0.16, 0.53]","16.7 [68%: 15.75, 17.59]","-15.89 [68%: -16.85, -14.94]","15.89 [68%: 14.94, 16.85]",P38
simulation_dg-ie-pb_espaloma-0.3.1,"0.28 [68%: 0.15, 0.41]","0.20 [68%: 0.09, 0.31]","0.30 [68%: 0.13, 0.45]","15.53 [68%: 14.92, 16.11]","-15.19 [68%: -15.79, -14.6]","15.19 [68%: 14.6, 15.79]",P38
simulation_dg-ie-pb_gaff-2.11,"0.33 [68%: 0.15, 0.53]","0.30 [68%: 0.17, 0.43]","0.45 [68%: 0.27, 0.59]","13.61 [68%: 12.97, 14.22]","-13.25 [68%: -13.83, -12.67]","13.25 [68%: 12.67, 13.83]",P38
simulation_dg-ie-pb_openff-2.0.0,"0.53 [68%: 0.39, 0.66]","0.43 [68%: 0.31, 0.55]","0.58 [68%: 0.42, 0.71]","14.58 [68%: 14.04, 15.1]","-14.26 [68%: -14.83, -13.69]","14.26 [68%: 13.69, 14.83]",P38
simulation_dg-ie-gb_espaloma-0.3.1,"0.36 [68%: 0.22, 0.49]","0.28 [68%: 0.16, 0.38]","0.40 [68%: 0.24, 0.54]","27.39 [68%: 26.65, 28.11]","-27.1 [68%: -27.85, -26.36]","27.1 [68%: 26.36, 27.85]",P38
simulation_dg-ie-gb_gaff-2.11,"0.37 [68%: 0.17, 0.56]","0.29 [68%: 0.16, 0.43]","0.41 [68%: 0.22, 0.57]","26.36 [68%: 25.7, 27.03]","-26.11 [68%: -26.78, -25.46]","26.11 [68%: 25.46, 26.78]",P38
simulation_dg-ie-gb_openff-2.0.0,"0.40 [68%: 0.23, 0.57]","0.36 [68%: 0.24, 0.49]","0.49 [68%: 0.31, 0.64]","28.08 [68%: 27.43, 28.69]","-27.85 [68%: -28.49, -27.2]","27.85 [68%: 27.2, 28.49]",P38
simulation_dh-pb_espaloma-0.3.1,"0.29 [68%: 0.16, 0.43]","0.22 [68%: 0.10, 0.33]","0.33 [68%: 0.17, 0.47]","20.11 [68%: 19.52, 20.72]","-19.84 [68%: -20.47, -19.26]","19.84 [68%: 19.26, 20.47]",P38
simulation_dh-pb_gaff-2.11,"0.35 [68%: 0.17, 0.54]","0.27 [68%: 0.14, 0.39]","0.41 [68%: 0.24, 0.57]","18.46 [68%: 17.84, 19.07]","-18.19 [68%: -18.78, -17.61]","18.19 [68%: 17.61, 18.78]",P38
simulation_dh-pb_openff-2.0.0,"0.53 [68%: 0.41, 0.65]","0.43 [68%: 0.32, 0.54]","0.57 [68%: 0.42, 0.69]","19.53 [68%: 18.95, 20.08]","-19.27 [68%: -19.86, -18.68]","19.27 [68%: 18.68, 19.86]",P38
simulation_dh-gb_espaloma-0.3.1,"0.39 [68%: 0.25, 0.52]","0.28 [68%: 0.16, 0.39]","0.41 [68%: 0.25, 0.55]","31.98 [68%: 31.27, 32.66]","-31.75 [68%: -32.44, -31.04]","31.75 [68%: 31.04, 32.44]",P38
simulation_dh-gb_gaff-2.11,"0.38 [68%: 0.18, 0.57]","0.29 [68%: 0.17, 0.42]","0.43 [68%: 0.26, 0.58]","31.27 [68%: 30.57, 31.93]","-31.05 [68%: -31.72, -30.36]","31.05 [68%: 30.36, 31.72]",P38
simulation_dh-gb_openff-2.0.0,"0.41 [68%: 0.26, 0.57]","0.34 [68%: 0.21, 0.46]","0.46 [68%: 0.28, 0.62]","33.06 [68%: 32.4, 33.69]","-32.86 [68%: -33.52, -32.2]","32.86 [68%: 32.2, 33.52]",P38
simulation_mbar_espaloma-0.3.1,"0.54 [68%: 0.22, 0.74]","0.16 [68%: -0.12, 0.44]","0.21 [68%: -0.16, 0.55]","4.07 [68%: 3.56, 4.54]","-3.73 [68%: -4.25, -3.21]","3.73 [68%: 3.21, 4.25]",A2A
simulation_mbar_gaff-2.11,"0.93 [68%: 0.87, 0.97]","0.69 [68%: 0.52, 0.85]","0.85 [68%: 0.69, 0.95]","3.66 [68%: 3.17, 4.09]","-3.28 [68%: -3.8, -2.76]","3.28 [68%: 2.76, 3.8]",A2A
simulation_mbar_openff-2.0.0,"0.90 [68%: 0.73, 0.96]","0.56 [68%: 0.33, 0.77]","0.76 [68%: 0.55, 0.89]","4.05 [68%: 3.72, 4.35]","-3.92 [68%: -4.24, -3.6]","3.92 [68%: 3.6, 4.24]",A2A
simulation_dg-c2-pb_espaloma-0.3.1,"0.63 [68%: 0.31, 0.84]","0.42 [68%: 0.11, 0.74]","0.50 [68%: 0.12, 0.82]","7.76 [68%: 7.11, 8.35]","-7.51 [68%: -8.12, -6.89]","7.51 [68%: 6.89, 8.12]",A2A
simulation_dg-c2-pb_gaff-2.11,"0.74 [68%: 0.51, 0.86]","0.56 [68%: 0.33, 0.79]","0.66 [68%: 0.38, 0.88]","5.86 [68%: 5.42, 6.27]","-5.72 [68%: -6.13, -5.3]","5.72 [68%: 5.3, 6.13]",A2A
simulation_dg-c2-pb_openff-2.0.0,"0.71 [68%: 0.28, 0.88]","0.38 [68%: 0.10, 0.67]","0.54 [68%: 0.17, 0.81]","8.15 [68%: 7.71, 8.57]","-8.05 [68%: -8.46, -7.63]","8.05 [68%: 7.63, 8.46]",A2A
simulation_dg-c2-gb_espaloma-0.3.1,"0.93 [68%: 0.79, 0.97]","0.60 [68%: 0.42, 0.79]","0.81 [68%: 0.62, 0.90]","19.57 [68%: 19.1, 20.04]","-19.51 [68%: -20.0, -19.04]","19.51 [68%: 19.04, 20.0]",A2A
simulation_dg-c2-gb_gaff-2.11,"0.89 [68%: 0.75, 0.96]","0.64 [68%: 0.49, 0.81]","0.79 [68%: 0.61, 0.91]","17.42 [68%: 16.79, 18.02]","-17.3 [68%: -17.94, -16.66]","17.3 [68%: 16.66, 17.94]",A2A
simulation_dg-c2-gb_openff-2.0.0,"0.95 [68%: 0.82, 0.98]","0.60 [68%: 0.38, 0.81]","0.76 [68%: 0.52, 0.92]","19.91 [68%: 19.37, 20.44]","-19.83 [68%: -20.4, -19.26]","19.83 [68%: 19.26, 20.4]",A2A
simulation_dg-ie-pb_espaloma-0.3.1,"0.64 [68%: 0.37, 0.82]","0.47 [68%: 0.17, 0.75]","0.56 [68%: 0.21, 0.86]","13.09 [68%: 12.52, 13.62]","-12.97 [68%: -13.51, -12.43]","12.97 [68%: 12.43, 13.51]",A2A
simulation_dg-ie-pb_gaff-2.11,"0.81 [68%: 0.58, 0.90]","0.56 [68%: 0.30, 0.80]","0.68 [68%: 0.40, 0.90]","11.38 [68%: 11.07, 11.7]","-11.34 [68%: -11.66, -11.04]","11.34 [68%: 11.04, 11.66]",A2A
simulation_dg-ie-pb_openff-2.0.0,"0.68 [68%: 0.19, 0.84]","0.33 [68%: 0.03, 0.64]","0.44 [68%: 0.06, 0.77]","13.99 [68%: 13.64, 14.31]","-13.95 [68%: -14.27, -13.6]","13.95 [68%: 13.6, 14.27]",A2A
simulation_dg-ie-gb_espaloma-0.3.1,"0.94 [68%: 0.83, 0.97]","0.69 [68%: 0.51, 0.86]","0.85 [68%: 0.68, 0.95]","25.02 [68%: 24.57, 25.45]","-24.98 [68%: -25.41, -24.54]","24.98 [68%: 24.54, 25.41]",A2A
simulation_dg-ie-gb_gaff-2.11,"0.91 [68%: 0.78, 0.96]","0.64 [68%: 0.50, 0.80]","0.81 [68%: 0.63, 0.90]","23.01 [68%: 22.4, 23.57]","-22.93 [68%: -23.52, -22.31]","22.93 [68%: 22.31, 23.52]",A2A
simulation_dg-ie-gb_openff-2.0.0,"0.92 [68%: 0.74, 0.96]","0.56 [68%: 0.37, 0.75]","0.73 [68%: 0.48, 0.88]","25.78 [68%: 25.28, 26.28]","-25.73 [68%: -26.25, -25.22]","25.73 [68%: 25.22, 26.25]",A2A
simulation_dh-pb_espaloma-0.3.1,"0.65 [68%: 0.43, 0.81]","0.47 [68%: 0.19, 0.76]","0.56 [68%: 0.22, 0.86]","16.81 [68%: 16.27, 17.35]","-16.72 [68%: -17.27, -16.19]","16.72 [68%: 16.19, 17.27]",A2A
simulation_dh-pb_gaff-2.11,"0.84 [68%: 0.59, 0.92]","0.51 [68%: 0.26, 0.76]","0.64 [68%: 0.35, 0.87]","15.05 [68%: 14.76, 15.32]","-15.02 [68%: -15.29, -14.74]","15.02 [68%: 14.74, 15.29]",A2A
simulation_dh-pb_openff-2.0.0,"0.70 [68%: 0.20, 0.84]","0.38 [68%: 0.10, 0.67]","0.47 [68%: 0.11, 0.78]","17.83 [68%: 17.48, 18.16]","-17.79 [68%: -18.14, -17.45]","17.79 [68%: 17.45, 18.14]",A2A
simulation_dh-gb_espaloma-0.3.1,"0.94 [68%: 0.87, 0.98]","0.73 [68%: 0.56, 0.90]","0.88 [68%: 0.70, 0.96]","28.76 [68%: 28.31, 29.2]","-28.73 [68%: -29.17, -28.28]","28.73 [68%: 28.28, 29.17]",A2A
simulation_dh-gb_gaff-2.11,"0.90 [68%: 0.74, 0.95]","0.64 [68%: 0.50, 0.80]","0.81 [68%: 0.64, 0.90]","26.68 [68%: 26.1, 27.25]","-26.61 [68%: -27.21, -26.02]","26.61 [68%: 26.02, 27.21]",A2A
simulation_dh-gb_openff-2.0.0,"0.91 [68%: 0.73, 0.96]","0.60 [68%: 0.43, 0.77]","0.75 [68%: 0.53, 0.89]","29.63 [68%: 29.09, 30.15]","-29.58 [68%: -30.12, -29.03]","29.58 [68%: 29.03, 30.12]",A2A
simulation_mbar_espaloma-0.3.1,"0.40 [68%: 0.18, 0.61]","0.39 [68%: 0.22, 0.57]","0.52 [68%: 0.31, 0.71]","14.44 [68%: 13.92, 14.94]","-14.22 [68%: -14.74, -13.71]","14.22 [68%: 13.71, 14.74]",PTP1B
simulation_mbar_gaff-2.11,"0.59 [68%: 0.41, 0.71]","0.36 [68%: 0.22, 0.50]","0.48 [68%: 0.29, 0.64]","10.5 [68%: 10.03, 10.94]","-10.28 [68%: -10.74, -9.82]","10.28 [68%: 9.82, 10.74]",PTP1B
simulation_mbar_openff-2.0.0,"0.67 [68%: 0.58, 0.76]","0.43 [68%: 0.31, 0.55]","0.61 [68%: 0.45, 0.74]","14.48 [68%: 13.96, 14.99]","-14.27 [68%: -14.79, -13.74]","14.27 [68%: 13.74, 14.79]",PTP1B
simulation_dg-c2-pb_espaloma-0.3.1,"0.16 [68%: -0.05, 0.40]","0.28 [68%: 0.10, 0.45]","0.37 [68%: 0.13, 0.59]","82.33 [68%: 79.55, 85.03]","81.34 [68%: 78.67, 84.03]","81.34 [68%: 78.67, 84.03]",PTP1B
simulation_dg-c2-pb_gaff-2.11,"-0.27 [68%: -0.50, -0.02]","0.06 [68%: -0.14, 0.27]","0.02 [68%: -0.25, 0.29]","85.84 [68%: 83.53, 88.12]","85.21 [68%: 83.04, 87.37]","85.21 [68%: 83.04, 87.37]",PTP1B
simulation_dg-c2-pb_openff-2.0.0,"0.00 [68%: -0.32, 0.29]","-0.01 [68%: -0.20, 0.18]","-0.04 [68%: -0.29, 0.22]","85.02 [68%: 82.8, 87.2]","84.38 [68%: 82.21, 86.58]","84.38 [68%: 82.21, 86.58]",PTP1B
simulation_dg-c2-gb_espaloma-0.3.1,"0.41 [68%: 0.24, 0.58]","0.34 [68%: 0.18, 0.50]","0.47 [68%: 0.25, 0.65]","75.44 [68%: 72.5, 78.22]","74.28 [68%: 71.4, 77.11]","74.28 [68%: 71.4, 77.11]",PTP1B
simulation_dg-c2-gb_gaff-2.11,"0.09 [68%: -0.17, 0.33]","0.11 [68%: -0.08, 0.31]","0.09 [68%: -0.17, 0.36]","79.13 [68%: 77.22, 80.95]","78.64 [68%: 76.76, 80.49]","78.64 [68%: 76.76, 80.49]",PTP1B
simulation_dg-c2-gb_openff-2.0.0,"0.38 [68%: 0.06, 0.58]","0.17 [68%: 0.00, 0.33]","0.21 [68%: -0.02, 0.43]","78.06 [68%: 76.09, 80.06]","77.46 [68%: 75.45, 79.54]","77.46 [68%: 75.45, 79.54]",PTP1B
simulation_dg-ie-pb_espaloma-0.3.1,"0.57 [68%: 0.44, 0.69]","0.42 [68%: 0.29, 0.55]","0.57 [68%: 0.39, 0.72]","51.24 [68%: 50.33, 52.11]","-51.07 [68%: -51.94, -50.17]","51.07 [68%: 50.17, 51.94]",PTP1B
simulation_dg-ie-pb_gaff-2.11,"0.39 [68%: 0.13, 0.75]","0.42 [68%: 0.27, 0.57]","0.55 [68%: 0.36, 0.72]","53.49 [68%: 52.66, 54.3]","-53.37 [68%: -54.14, -52.6]","53.37 [68%: 52.6, 54.14]",PTP1B
simulation_dg-ie-pb_openff-2.0.0,"0.67 [68%: 0.48, 0.84]","0.52 [68%: 0.37, 0.66]","0.65 [68%: 0.46, 0.80]","53.3 [68%: 52.37, 54.21]","-53.14 [68%: -54.02, -52.26]","53.14 [68%: 52.26, 54.02]",PTP1B
simulation_dg-ie-gb_espaloma-0.3.1,"0.67 [68%: 0.51, 0.83]","0.55 [68%: 0.41, 0.69]","0.68 [68%: 0.50, 0.84]","58.76 [68%: 56.83, 60.64]","-58.12 [68%: -59.95, -56.29]","58.12 [68%: 56.29, 59.95]",PTP1B
simulation_dg-ie-gb_gaff-2.11,"0.61 [68%: 0.38, 0.91]","0.53 [68%: 0.38, 0.69]","0.64 [68%: 0.45, 0.82]","60.41 [68%: 58.65, 62.12]","-59.94 [68%: -61.55, -58.33]","59.94 [68%: 58.33, 61.55]",PTP1B
simulation_dg-ie-gb_openff-2.0.0,"0.69 [68%: 0.50, 0.90]","0.60 [68%: 0.46, 0.74]","0.71 [68%: 0.52, 0.87]","60.76 [68%: 58.64, 62.86]","-60.06 [68%: -62.05, -58.14]","60.06 [68%: 58.14, 62.05]",PTP1B
simulation_dh-pb_espaloma-0.3.1,"0.62 [68%: 0.48, 0.74]","0.44 [68%: 0.32, 0.56]","0.61 [68%: 0.44, 0.75]","67.97 [68%: 67.08, 68.87]","-67.84 [68%: -68.74, -66.95]","67.84 [68%: 66.95, 68.74]",PTP1B
simulation_dh-pb_gaff-2.11,"0.48 [68%: 0.22, 0.89]","0.58 [68%: 0.44, 0.72]","0.68 [68%: 0.49, 0.85]","70.74 [68%: 69.93, 71.53]","-70.65 [68%: -71.39, -69.89]","70.65 [68%: 69.89, 71.39]",PTP1B
simulation_dh-pb_openff-2.0.0,"0.70 [68%: 0.53, 0.86]","0.54 [68%: 0.39, 0.70]","0.67 [68%: 0.50, 0.82]","70.31 [68%: 69.4, 71.18]","-70.19 [68%: -71.04, -69.31]","70.19 [68%: 69.31, 71.04]",PTP1B
simulation_dh-gb_espaloma-0.3.1,"0.68 [68%: 0.52, 0.84]","0.53 [68%: 0.40, 0.67]","0.67 [68%: 0.49, 0.83]","75.43 [68%: 73.43, 77.35]","-74.9 [68%: -76.79, -73.0]","74.9 [68%: 73.0, 76.79]",PTP1B
simulation_dh-gb_gaff-2.11,"0.63 [68%: 0.40, 0.92]","0.58 [68%: 0.44, 0.72]","0.68 [68%: 0.49, 0.85]","77.62 [68%: 75.81, 79.39]","-77.22 [68%: -78.89, -75.54]","77.22 [68%: 75.54, 78.89]",PTP1B
simulation_dh-gb_openff-2.0.0,"0.70 [68%: 0.51, 0.90]","0.60 [68%: 0.45, 0.73]","0.72 [68%: 0.54, 0.88]","77.68 [68%: 75.52, 79.77]","-77.11 [68%: -79.11, -75.1]","77.11 [68%: 75.1, 79.11]",PTP1B
simulation_mbar_espaloma-0.3.1,"0.30 [68%: 0.08, 0.56]","0.28 [68%: 0.07, 0.49]","0.42 [68%: 0.13, 0.65]","4.51 [68%: 4.19, 4.79]","-4.36 [68%: -4.67, -4.04]","4.36 [68%: 4.04, 4.67]",TYK2
simulation_mbar_gaff-2.11,"0.58 [68%: 0.38, 0.77]","0.51 [68%: 0.29, 0.73]","0.62 [68%: 0.34, 0.87]","1.05 [68%: 0.86, 1.21]","0.17 [68%: -0.11, 0.46]","0.79 [68%: 0.6, 0.98]",TYK2
simulation_mbar_openff-2.0.0,"0.50 [68%: 0.35, 0.66]","0.26 [68%: 0.07, 0.44]","0.48 [68%: 0.20, 0.66]","2.1 [68%: 1.85, 2.33]","-1.78 [68%: -2.1, -1.47]","1.86 [68%: 1.59, 2.13]",TYK2
simulation_dg-c2-pb_espaloma-0.3.1,"0.44 [68%: 0.26, 0.66]","0.28 [68%: 0.01, 0.56]","0.32 [68%: -0.02, 0.66]","9.51 [68%: 8.9, 10.07]","-9.02 [68%: -9.86, -8.17]","9.02 [68%: 8.17, 9.86]",TYK2
simulation_dg-c2-pb_gaff-2.11,"0.45 [68%: 0.33, 0.66]","0.46 [68%: 0.19, 0.71]","0.52 [68%: 0.22, 0.79]","8.1 [68%: 7.58, 8.59]","-6.53 [68%: -7.89, -5.19]","7.88 [68%: 7.37, 8.4]",TYK2
simulation_dg-c2-pb_openff-2.0.0,"0.45 [68%: 0.35, 0.62]","0.41 [68%: 0.26, 0.56]","0.60 [68%: 0.38, 0.74]","9.73 [68%: 9.17, 10.25]","-9.09 [68%: -10.06, -8.11]","9.39 [68%: 8.68, 10.1]",TYK2
simulation_dg-c2-gb_espaloma-0.3.1,"0.40 [68%: 0.21, 0.63]","0.26 [68%: -0.01, 0.53]","0.31 [68%: -0.04, 0.66]","17.3 [68%: 16.57, 17.99]","-16.99 [68%: -17.9, -16.1]","16.99 [68%: 16.1, 17.9]",TYK2
simulation_dg-c2-gb_gaff-2.11,"0.41 [68%: 0.27, 0.62]","0.44 [68%: 0.17, 0.69]","0.47 [68%: 0.16, 0.75]","15.29 [68%: 14.47, 16.06]","-14.43 [68%: -15.86, -13.0]","14.72 [68%: 13.56, 15.87]",TYK2
simulation_dg-c2-gb_openff-2.0.0,"0.39 [68%: 0.25, 0.55]","0.33 [68%: 0.14, 0.53]","0.50 [68%: 0.23, 0.70]","17.68 [68%: 16.88, 18.43]","-17.27 [68%: -18.32, -16.2]","17.27 [68%: 16.2, 18.32]",TYK2
simulation_dg-ie-pb_espaloma-0.3.1,"0.68 [68%: 0.53, 0.84]","0.46 [68%: 0.30, 0.64]","0.63 [68%: 0.41, 0.77]","16.34 [68%: 16.02, 16.65]","-16.3 [68%: -16.62, -15.98]","16.3 [68%: 15.98, 16.62]",TYK2
simulation_dg-ie-pb_gaff-2.11,"0.76 [68%: 0.60, 0.92]","0.69 [68%: 0.51, 0.88]","0.77 [68%: 0.56, 0.94]","14.06 [68%: 13.64, 14.48]","-13.98 [68%: -14.4, -13.57]","13.98 [68%: 13.57, 14.4]",TYK2
simulation_dg-ie-pb_openff-2.0.0,"0.70 [68%: 0.62, 0.80]","0.54 [68%: 0.41, 0.67]","0.75 [68%: 0.59, 0.83]","16.68 [68%: 16.35, 17.02]","-16.64 [68%: -16.99, -16.3]","16.64 [68%: 16.3, 16.99]",TYK2
simulation_dg-ie-gb_espaloma-0.3.1,"0.58 [68%: 0.42, 0.75]","0.38 [68%: 0.19, 0.58]","0.52 [68%: 0.25, 0.73]","24.31 [68%: 23.91, 24.7]","-24.27 [68%: -24.67, -23.85]","24.27 [68%: 23.85, 24.67]",TYK2
simulation_dg-ie-gb_gaff-2.11,"0.69 [68%: 0.51, 0.89]","0.59 [68%: 0.36, 0.84]","0.64 [68%: 0.36, 0.93]","21.94 [68%: 21.5, 22.39]","-21.88 [68%: -22.33, -21.44]","21.88 [68%: 21.44, 22.33]",TYK2
simulation_dg-ie-gb_openff-2.0.0,"0.59 [68%: 0.47, 0.73]","0.46 [68%: 0.29, 0.64]","0.62 [68%: 0.37, 0.79]","24.86 [68%: 24.47, 25.24]","-24.82 [68%: -25.21, -24.42]","24.82 [68%: 24.42, 25.21]",TYK2
simulation_dh-pb_espaloma-0.3.1,"0.65 [68%: 0.53, 0.80]","0.44 [68%: 0.31, 0.57]","0.65 [68%: 0.48, 0.74]","20.43 [68%: 20.11, 20.75]","-20.4 [68%: -20.72, -20.08]","20.4 [68%: 20.08, 20.72]",TYK2
simulation_dh-pb_gaff-2.11,"0.81 [68%: 0.67, 0.95]","0.64 [68%: 0.46, 0.84]","0.76 [68%: 0.56, 0.94]","18.21 [68%: 17.86, 18.55]","-18.16 [68%: -18.51, -17.82]","18.16 [68%: 17.82, 18.51]",TYK2
simulation_dh-pb_openff-2.0.0,"0.76 [68%: 0.69, 0.84]","0.56 [68%: 0.44, 0.69]","0.77 [68%: 0.62, 0.84]","20.8 [68%: 20.52, 21.06]","-20.77 [68%: -21.04, -20.5]","20.77 [68%: 20.5, 21.04]",TYK2
simulation_dh-gb_espaloma-0.3.1,"0.57 [68%: 0.43, 0.74]","0.41 [68%: 0.25, 0.57]","0.59 [68%: 0.38, 0.73]","28.4 [68%: 28.01, 28.79]","-28.37 [68%: -28.76, -27.97]","28.37 [68%: 27.97, 28.76]",TYK2
simulation_dh-gb_gaff-2.11,"0.76 [68%: 0.58, 0.95]","0.54 [68%: 0.32, 0.78]","0.64 [68%: 0.35, 0.92]","26.1 [68%: 25.74, 26.44]","-26.07 [68%: -26.41, -25.72]","26.07 [68%: 25.72, 26.41]",TYK2
simulation_dh-gb_openff-2.0.0,"0.69 [68%: 0.55, 0.81]","0.59 [68%: 0.43, 0.74]","0.74 [68%: 0.55, 0.87]","28.97 [68%: 28.67, 29.26]","-28.95 [68%: -29.24, -28.66]","28.95 [68%: 28.66, 29.24]",TYK2
simulation_mbar_espaloma-0.3.1,"0.66 [68%: 0.41, 0.78]","0.40 [68%: 0.27, 0.52]","0.52 [68%: 0.34, 0.66]","3.49 [68%: 2.53, 4.21]","-1.71 [68%: -2.33, -1.08]","2.59 [68%: 2.1, 3.06]",Thrombin
simulation_mbar_gaff-2.11,"0.47 [68%: -0.05, 0.67]","0.09 [68%: -0.07, 0.24]","0.13 [68%: -0.10, 0.34]","2.56 [68%: 2.06, 2.96]","0.39 [68%: -0.12, 0.92]","1.97 [68%: 1.63, 2.3]",Thrombin
simulation_mbar_openff-2.0.0,"0.65 [68%: 0.36, 0.77]","0.30 [68%: 0.15, 0.45]","0.42 [68%: 0.21, 0.60]","2.91 [68%: 2.1, 3.55]","-1.29 [68%: -1.84, -0.74]","2.01 [68%: 1.57, 2.46]",Thrombin
simulation_dg-c2-pb_espaloma-0.3.1,"0.12 [68%: -0.07, 0.28]","-0.03 [68%: -0.21, 0.13]","-0.01 [68%: -0.25, 0.22]","7.18 [68%: 4.73, 8.91]","-1.44 [68%: -2.92, -0.05]","4.98 [68%: 3.89, 6.04]",Thrombin
simulation_dg-c2-pb_gaff-2.11,"0.16 [68%: 0.00, 0.33]","0.12 [68%: -0.05, 0.28]","0.16 [68%: -0.07, 0.38]","8.82 [68%: 3.7, 11.88]","2.76 [68%: 1.01, 4.55]","4.28 [68%: 2.65, 5.92]",Thrombin
simulation_dg-c2-pb_openff-2.0.0,"0.13 [68%: -0.07, 0.23]","0.04 [68%: -0.11, 0.19]","0.09 [68%: -0.13, 0.30]","10.13 [68%: 3.46, 13.87]","0.58 [68%: -1.54, 2.76]","4.58 [68%: 2.62, 6.48]",Thrombin
simulation_dg-c2-gb_espaloma-0.3.1,"0.01 [68%: -0.26, 0.24]","0.01 [68%: -0.17, 0.19]","-0.01 [68%: -0.24, 0.25]","18.39 [68%: 17.44, 19.28]","-16.25 [68%: -17.99, -14.45]","17.68 [68%: 16.62, 18.7]",Thrombin
simulation_dg-c2-gb_gaff-2.11,"0.03 [68%: -0.25, 0.26]","0.02 [68%: -0.16, 0.21]","0.04 [68%: -0.20, 0.28]","15.38 [68%: 14.15, 16.54]","-11.43 [68%: -13.59, -9.3]","14.38 [68%: 13.26, 15.51]",Thrombin
simulation_dg-c2-gb_openff-2.0.0,"0.06 [68%: -0.24, 0.23]","0.07 [68%: -0.09, 0.23]","0.10 [68%: -0.13, 0.31]","18.18 [68%: 16.49, 19.69]","-13.59 [68%: -16.14, -11.07]","16.96 [68%: 15.63, 18.29]",Thrombin
simulation_dg-ie-pb_espaloma-0.3.1,"0.40 [68%: -0.25, 0.63]","-0.05 [68%: -0.23, 0.13]","-0.03 [68%: -0.27, 0.22]","14.05 [68%: 12.98, 15.05]","-13.45 [68%: -14.3, -12.62]","13.45 [68%: 12.62, 14.3]",Thrombin
simulation_dg-ie-pb_gaff-2.11,"0.49 [68%: -0.00, 0.69]","0.09 [68%: -0.10, 0.27]","0.11 [68%: -0.13, 0.35]","11.43 [68%: 10.65, 12.17]","-10.96 [68%: -11.64, -10.3]","10.96 [68%: 10.3, 11.64]",Thrombin
simulation_dg-ie-pb_openff-2.0.0,"0.44 [68%: -0.05, 0.65]","0.07 [68%: -0.11, 0.26]","0.11 [68%: -0.14, 0.34]","13.42 [68%: 12.46, 14.34]","-12.81 [68%: -13.65, -11.99]","12.81 [68%: 11.99, 13.65]",Thrombin
simulation_dg-ie-gb_espaloma-0.3.1,"0.26 [68%: -0.10, 0.51]","0.06 [68%: -0.12, 0.24]","0.07 [68%: -0.18, 0.31]","28.48 [68%: 27.73, 29.23]","-28.25 [68%: -28.99, -27.53]","28.25 [68%: 27.53, 28.99]",Thrombin
simulation_dg-ie-gb_gaff-2.11,"0.24 [68%: -0.05, 0.46]","0.11 [68%: -0.07, 0.30]","0.15 [68%: -0.10, 0.39]","25.37 [68%: 24.69, 26.04]","-25.16 [68%: -25.84, -24.48]","25.16 [68%: 24.48, 25.84]",Thrombin
simulation_dg-ie-gb_openff-2.0.0,"0.30 [68%: 0.09, 0.48]","0.23 [68%: 0.07, 0.39]","0.29 [68%: 0.06, 0.50]","27.36 [68%: 26.51, 28.15]","-26.99 [68%: -27.89, -26.04]","26.99 [68%: 26.04, 27.89]",Thrombin
simulation_dh-pb_espaloma-0.3.1,"0.35 [68%: -0.43, 0.59]","-0.21 [68%: -0.40, -0.02]","-0.23 [68%: -0.49, 0.02]","18.97 [68%: 17.74, 20.12]","-18.37 [68%: -19.35, -17.4]","18.37 [68%: 17.4, 19.35]",Thrombin
simulation_dh-pb_gaff-2.11,"0.41 [68%: -0.18, 0.63]","-0.03 [68%: -0.21, 0.14]","-0.07 [68%: -0.31, 0.18]","16.62 [68%: 15.62, 17.56]","-16.11 [68%: -16.94, -15.27]","16.11 [68%: 15.27, 16.94]",Thrombin
simulation_dh-pb_openff-2.0.0,"0.48 [68%: -0.10, 0.68]","0.09 [68%: -0.12, 0.28]","0.11 [68%: -0.14, 0.36]","18.61 [68%: 17.51, 19.64]","-18.13 [68%: -19.0, -17.26]","18.13 [68%: 17.26, 19.0]",Thrombin
simulation_dh-gb_espaloma-0.3.1,"0.25 [68%: -0.27, 0.53]","-0.04 [68%: -0.24, 0.16]","-0.08 [68%: -0.34, 0.19]","33.38 [68%: 32.57, 34.19]","-33.17 [68%: -33.95, -32.41]","33.17 [68%: 32.41, 33.95]",Thrombin
simulation_dh-gb_gaff-2.11,"0.24 [68%: -0.16, 0.50]","0.01 [68%: -0.18, 0.20]","0.01 [68%: -0.23, 0.26]","30.51 [68%: 29.76, 31.23]","-30.3 [68%: -31.03, -29.57]","30.3 [68%: 29.57, 31.03]",Thrombin
simulation_dh-gb_openff-2.0.0,"0.41 [68%: 0.11, 0.61]","0.17 [68%: -0.02, 0.35]","0.24 [68%: -0.01, 0.47]","32.53 [68%: 31.74, 33.31]","-32.31 [68%: -33.09, -31.52]","32.31 [68%: 31.52, 33.09]",Thrombin
simulation_mbar_espaloma-0.3.1,"0.74 [68%: 0.65, 0.82]","0.55 [68%: 0.44, 0.67]","0.73 [68%: 0.59, 0.83]","2.35 [68%: 2.09, 2.58]","-1.89 [68%: -2.17, -1.61]","2.02 [68%: 1.79, 2.26]",MCL1
simulation_mbar_gaff-2.11,"0.73 [68%: 0.67, 0.80]","0.61 [68%: 0.53, 0.68]","0.81 [68%: 0.71, 0.86]","1.71 [68%: 1.46, 1.92]","-0.87 [68%: -1.16, -0.58]","1.3 [68%: 1.07, 1.52]",MCL1
simulation_mbar_openff-2.0.0,"0.63 [68%: 0.51, 0.73]","0.47 [68%: 0.35, 0.58]","0.64 [68%: 0.49, 0.76]","1.59 [68%: 1.41, 1.75]","-0.84 [68%: -1.12, -0.57]","1.33 [68%: 1.15, 1.5]",MCL1
simulation_dg-c2-pb_espaloma-0.3.1,"0.45 [68%: 0.28, 0.60]","0.35 [68%: 0.21, 0.50]","0.47 [68%: 0.29, 0.63]","14.9 [68%: 13.32, 16.31]","13.01 [68%: 11.55, 14.46]","13.01 [68%: 11.55, 14.46]",MCL1
simulation_dg-c2-pb_gaff-2.11,"0.75 [68%: 0.68, 0.81]","0.59 [68%: 0.50, 0.67]","0.78 [68%: 0.68, 0.84]","15.68 [68%: 14.49, 16.78]","14.47 [68%: 13.26, 15.69]","14.47 [68%: 13.26, 15.69]",MCL1
simulation_dg-c2-pb_openff-2.0.0,"0.71 [68%: 0.62, 0.80]","0.49 [68%: 0.39, 0.60]","0.69 [68%: 0.56, 0.78]","16.34 [68%: 14.99, 17.57]","14.76 [68%: 13.38, 16.14]","14.85 [68%: 13.48, 16.19]",MCL1
simulation_dg-c2-gb_espaloma-0.3.1,"0.41 [68%: 0.24, 0.57]","0.31 [68%: 0.16, 0.46]","0.43 [68%: 0.23, 0.60]","11.37 [68%: 9.72, 12.8]","8.01 [68%: 6.41, 9.62]","8.66 [68%: 7.21, 10.12]",MCL1
simulation_dg-c2-gb_gaff-2.11,"0.72 [68%: 0.65, 0.79]","0.57 [68%: 0.49, 0.66]","0.77 [68%: 0.66, 0.84]","11.07 [68%: 9.88, 12.17]","8.93 [68%: 7.64, 10.22]","9.5 [68%: 8.38, 10.63]",MCL1
simulation_dg-c2-gb_openff-2.0.0,"0.69 [68%: 0.60, 0.78]","0.51 [68%: 0.41, 0.60]","0.70 [68%: 0.57, 0.78]","11.94 [68%: 10.65, 13.11]","9.45 [68%: 7.99, 10.91]","10.0 [68%: 8.71, 11.3]",MCL1
simulation_dg-ie-pb_espaloma-0.3.1,"0.65 [68%: 0.55, 0.74]","0.51 [68%: 0.40, 0.61]","0.66 [68%: 0.52, 0.76]","23.91 [68%: 23.24, 24.59]","-23.66 [68%: -24.36, -22.98]","23.66 [68%: 22.98, 24.36]",MCL1
simulation_dg-ie-pb_gaff-2.11,"0.78 [68%: 0.71, 0.84]","0.61 [68%: 0.53, 0.70]","0.80 [68%: 0.70, 0.86]","23.85 [68%: 23.19, 24.5]","-23.63 [68%: -24.27, -22.97]","23.63 [68%: 22.97, 24.27]",MCL1
simulation_dg-ie-pb_openff-2.0.0,"0.68 [68%: 0.59, 0.78]","0.53 [68%: 0.42, 0.63]","0.71 [68%: 0.57, 0.80]","23.01 [68%: 22.36, 23.63]","-22.8 [68%: -23.42, -22.16]","22.8 [68%: 22.16, 23.42]",MCL1
simulation_dg-ie-gb_espaloma-0.3.1,"0.56 [68%: 0.43, 0.67]","0.42 [68%: 0.31, 0.53]","0.55 [68%: 0.39, 0.67]","28.99 [68%: 28.13, 29.82]","-28.67 [68%: -29.54, -27.8]","28.67 [68%: 27.8, 29.54]",MCL1
simulation_dg-ie-gb_gaff-2.11,"0.73 [68%: 0.65, 0.80]","0.59 [68%: 0.50, 0.67]","0.76 [68%: 0.65, 0.83]","29.44 [68%: 28.64, 30.22]","-29.17 [68%: -29.98, -28.38]","29.17 [68%: 28.38, 29.98]",MCL1
simulation_dg-ie-gb_openff-2.0.0,"0.61 [68%: 0.50, 0.72]","0.47 [68%: 0.37, 0.58]","0.65 [68%: 0.50, 0.75]","28.36 [68%: 27.63, 29.1]","-28.12 [68%: -28.86, -27.39]","28.12 [68%: 27.39, 28.86]",MCL1
simulation_dh-pb_espaloma-0.3.1,"0.65 [68%: 0.55, 0.74]","0.51 [68%: 0.41, 0.62]","0.67 [68%: 0.54, 0.76]","32.78 [68%: 32.12, 33.41]","-32.62 [68%: -33.26, -31.96]","32.62 [68%: 31.96, 33.26]",MCL1
simulation_dh-pb_gaff-2.11,"0.76 [68%: 0.68, 0.82]","0.59 [68%: 0.51, 0.68]","0.77 [68%: 0.67, 0.84]","32.97 [68%: 32.34, 33.59]","-32.82 [68%: -33.45, -32.2]","32.82 [68%: 32.2, 33.45]",MCL1
simulation_dh-pb_openff-2.0.0,"0.65 [68%: 0.54, 0.75]","0.45 [68%: 0.34, 0.56]","0.63 [68%: 0.47, 0.74]","32.23 [68%: 31.69, 32.77]","-32.11 [68%: -32.65, -31.58]","32.11 [68%: 31.58, 32.65]",MCL1
simulation_dh-gb_espaloma-0.3.1,"0.56 [68%: 0.44, 0.67]","0.44 [68%: 0.34, 0.55]","0.57 [68%: 0.42, 0.69]","37.85 [68%: 37.02, 38.65]","-37.62 [68%: -38.44, -36.8]","37.62 [68%: 36.8, 38.44]",MCL1
simulation_dh-gb_gaff-2.11,"0.70 [68%: 0.61, 0.78]","0.54 [68%: 0.45, 0.64]","0.70 [68%: 0.58, 0.79]","38.55 [68%: 37.82, 39.29]","-38.37 [68%: -39.12, -37.63]","38.37 [68%: 37.63, 39.12]",MCL1
simulation_dh-gb_openff-2.0.0,"0.57 [68%: 0.44, 0.69]","0.42 [68%: 0.31, 0.53]","0.58 [68%: 0.42, 0.70]","37.59 [68%: 36.89, 38.26]","-37.43 [68%: -38.12, -36.74]","37.43 [68%: 36.74, 38.12]",MCL1
simulation_mbar_espaloma-0.3.1,"0.95 [68%: 0.92, 0.98]","0.82 [68%: 0.70, 0.95]","0.93 [68%: 0.81, 0.99]","3.08 [68%: 2.56, 3.53]","-2.75 [68%: -3.2, -2.31]","2.75 [68%: 2.31, 3.2]",CyclophilinD
simulation_mbar_gaff-2.11,"0.96 [68%: 0.93, 0.98]","0.73 [68%: 0.57, 0.90]","0.85 [68%: 0.69, 0.96]","1.33 [68%: 1.07, 1.54]","-0.96 [68%: -1.25, -0.66]","1.11 [68%: 0.86, 1.34]",CyclophilinD
simulation_mbar_openff-2.0.0,"0.97 [68%: 0.95, 0.98]","0.78 [68%: 0.62, 0.95]","0.89 [68%: 0.77, 0.99]","2.47 [68%: 2.23, 2.68]","-2.35 [68%: -2.58, -2.1]","2.35 [68%: 2.1, 2.58]",CyclophilinD
simulation_dg-c2-pb_espaloma-0.3.1,"0.46 [68%: 0.14, 0.64]","0.24 [68%: -0.02, 0.51]","0.30 [68%: -0.09, 0.64]","16.41 [68%: 5.52, 22.54]","7.1 [68%: 2.28, 11.92]","8.78 [68%: 4.17, 13.38]",CyclophilinD
simulation_dg-c2-pb_gaff-2.11,"0.35 [68%: -0.37, 0.57]","0.02 [68%: -0.27, 0.32]","-0.01 [68%: -0.40, 0.39]","27.68 [68%: 9.67, 37.88]","13.67 [68%: 5.72, 21.46]","15.48 [68%: 7.78, 22.98]",CyclophilinD
simulation_dg-c2-pb_openff-2.0.0,"0.49 [68%: 0.25, 0.69]","0.29 [68%: 0.00, 0.56]","0.39 [68%: 0.03, 0.69]","22.26 [68%: 7.07, 30.59]","6.55 [68%: -0.56, 13.46]","11.89 [68%: 5.5, 18.01]",CyclophilinD
simulation_dg-c2-gb_espaloma-0.3.1,"0.53 [68%: 0.35, 0.70]","0.33 [68%: 0.10, 0.59]","0.42 [68%: 0.10, 0.70]","18.19 [68%: 11.09, 22.93]","-4.25 [68%: -9.99, 1.38]","13.47 [68%: 9.52, 17.25]",CyclophilinD
simulation_dg-c2-gb_gaff-2.11,"0.40 [68%: -0.10, 0.61]","0.16 [68%: -0.13, 0.44]","0.21 [68%: -0.17, 0.56]","26.7 [68%: 9.38, 36.53]","2.68 [68%: -6.1, 11.43]","15.04 [68%: 7.61, 22.26]",CyclophilinD
simulation_dg-c2-gb_openff-2.0.0,"0.54 [68%: 0.38, 0.73]","0.42 [68%: 0.16, 0.69]","0.56 [68%: 0.21, 0.81]","24.55 [68%: 14.29, 31.57]","-4.63 [68%: -12.52, 3.34]","18.26 [68%: 12.99, 23.53]",CyclophilinD
simulation_dg-ie-pb_espaloma-0.3.1,"0.93 [68%: 0.89, 0.99]","0.69 [68%: 0.55, 0.84]","0.87 [68%: 0.71, 0.93]","17.14 [68%: 14.66, 19.33]","-15.57 [68%: -17.87, -13.29]","15.57 [68%: 13.29, 17.87]",CyclophilinD
simulation_dg-ie-pb_gaff-2.11,"0.83 [68%: 0.74, 0.91]","0.60 [68%: 0.45, 0.75]","0.79 [68%: 0.62, 0.88]","13.39 [68%: 11.56, 15.01]","-12.13 [68%: -13.93, -10.36]","12.13 [68%: 10.36, 13.93]",CyclophilinD
simulation_dg-ie-pb_openff-2.0.0,"0.93 [68%: 0.88, 0.97]","0.60 [68%: 0.41, 0.80]","0.78 [68%: 0.59, 0.90]","17.11 [68%: 14.97, 19.03]","-15.76 [68%: -17.85, -13.64]","15.76 [68%: 13.64, 17.85]",CyclophilinD
simulation_dg-ie-gb_espaloma-0.3.1,"0.90 [68%: 0.86, 0.96]","0.69 [68%: 0.55, 0.85]","0.87 [68%: 0.71, 0.93]","28.99 [68%: 25.43, 32.15]","-26.93 [68%: -30.35, -23.44]","26.93 [68%: 23.44, 30.35]",CyclophilinD
simulation_dg-ie-gb_gaff-2.11,"0.85 [68%: 0.79, 0.92]","0.64 [68%: 0.49, 0.80]","0.82 [68%: 0.64, 0.91]","24.53 [68%: 22.02, 26.77]","-23.12 [68%: -25.68, -20.54]","23.12 [68%: 20.54, 25.68]",CyclophilinD
simulation_dg-ie-gb_openff-2.0.0,"0.94 [68%: 0.91, 0.97]","0.64 [68%: 0.46, 0.81]","0.82 [68%: 0.64, 0.92]","28.53 [68%: 25.73, 31.06]","-26.93 [68%: -29.9, -23.93]","26.93 [68%: 23.93, 29.9]",CyclophilinD
simulation_dh-pb_espaloma-0.3.1,"0.92 [68%: 0.88, 0.97]","0.60 [68%: 0.45, 0.76]","0.82 [68%: 0.64, 0.89]","23.58 [68%: 20.93, 25.9]","-22.21 [68%: -24.7, -19.7]","22.21 [68%: 19.7, 24.7]",CyclophilinD
simulation_dh-pb_gaff-2.11,"0.82 [68%: 0.73, 0.90]","0.56 [68%: 0.40, 0.71]","0.77 [68%: 0.59, 0.86]","19.96 [68%: 18.02, 21.68]","-19.1 [68%: -20.92, -17.23]","19.1 [68%: 17.23, 20.92]",CyclophilinD
simulation_dh-pb_openff-2.0.0,"0.93 [68%: 0.88, 0.97]","0.56 [68%: 0.38, 0.75]","0.77 [68%: 0.57, 0.88]","23.05 [68%: 20.89, 25.02]","-22.0 [68%: -24.19, -19.83]","22.0 [68%: 19.83, 24.19]",CyclophilinD
simulation_dh-gb_espaloma-0.3.1,"0.91 [68%: 0.87, 0.97]","0.64 [68%: 0.51, 0.79]","0.84 [68%: 0.68, 0.90]","35.37 [68%: 31.55, 38.78]","-33.57 [68%: -37.1, -29.99]","33.57 [68%: 29.99, 37.1]",CyclophilinD
simulation_dh-gb_gaff-2.11,"0.89 [68%: 0.84, 0.94]","0.60 [68%: 0.44, 0.75]","0.79 [68%: 0.62, 0.89]","31.05 [68%: 28.45, 33.43]","-30.09 [68%: -32.54, -27.62]","30.09 [68%: 27.62, 32.54]",CyclophilinD
simulation_dh-gb_openff-2.0.0,"0.96 [68%: 0.94, 0.98]","0.64 [68%: 0.47, 0.83]","0.82 [68%: 0.64, 0.92]","34.43 [68%: 31.48, 37.1]","-33.18 [68%: -36.09, -30.2]","33.18 [68%: 30.2, 36.09]",CyclophilinD
simulation_mbar_espaloma-0.3.1,"0.97 [68%: 0.93, 0.99]","0.71 [68%: 0.47, 1.00]","0.86 [68%: 0.67, 1.00]","2.95 [68%: 2.71, 3.17]","-2.88 [68%: -3.13, -2.62]","2.88 [68%: 2.62, 3.13]",SAMPL6-OA
simulation_mbar_gaff-2.11,"nan [68%: nan, nan]","nan [68%: nan, nan]","nan [68%: nan, nan]","nan [68%: nan, nan]","nan [68%: nan, nan]","nan [68%: nan, nan]",SAMPL6-OA
simulation_mbar_openff-2.0.0,"nan [68%: nan, nan]","nan [68%: nan, nan]","nan [68%: nan, nan]","nan [68%: nan, nan]","nan [68%: nan, nan]","nan [68%: nan, nan]",SAMPL6-OA
simulation_dg-c2-pb_espaloma-0.3.1,"0.90 [68%: 0.73, 0.98]","0.81 [68%: 0.65, 1.00]","0.93 [68%: 0.77, 1.00]","5.13 [68%: 4.47, 5.69]","4.51 [68%: 3.54, 5.45]","4.75 [68%: 4.0, 5.48]",SAMPL6-OA
simulation_dg-c2-pb_gaff-2.11,"nan [68%: nan, nan]","nan [68%: nan, nan]","nan [68%: nan, nan]","nan [68%: nan, nan]","nan [68%: nan, nan]","nan [68%: nan, nan]",SAMPL6-OA
simulation_dg-c2-pb_openff-2.0.0,"nan [68%: nan, nan]","nan [68%: nan, nan]","nan [68%: nan, nan]","nan [68%: nan, nan]","nan [68%: nan, nan]","nan [68%: nan, nan]",SAMPL6-OA
simulation_dg-c2-gb_espaloma-0.3.1,"0.86 [68%: 0.57, 0.99]","0.71 [68%: 0.53, 1.00]","0.86 [68%: 0.67, 1.00]","4.25 [68%: 3.69, 4.73]","3.89 [68%: 3.24, 4.55]","3.89 [68%: 3.24, 4.55]",SAMPL6-OA
simulation_dg-c2-gb_gaff-2.11,"nan [68%: nan, nan]","nan [68%: nan, nan]","nan [68%: nan, nan]","nan [68%: nan, nan]","nan [68%: nan, nan]","nan [68%: nan, nan]",SAMPL6-OA
simulation_dg-c2-gb_openff-2.0.0,"nan [68%: nan, nan]","nan [68%: nan, nan]","nan [68%: nan, nan]","nan [68%: nan, nan]","nan [68%: nan, nan]","nan [68%: nan, nan]",SAMPL6-OA
simulation_dg-ie-pb_espaloma-0.3.1,"0.97 [68%: 0.94, 0.99]","0.90 [68%: 0.79, 1.00]","0.96 [68%: 0.89, 1.00]","4.42 [68%: 3.75, 5.01]","-4.09 [68%: -4.78, -3.39]","4.09 [68%: 3.39, 4.78]",SAMPL6-OA
simulation_dg-ie-pb_gaff-2.11,"nan [68%: nan, nan]","nan [68%: nan, nan]","nan [68%: nan, nan]","nan [68%: nan, nan]","nan [68%: nan, nan]","nan [68%: nan, nan]",SAMPL6-OA
simulation_dg-ie-pb_openff-2.0.0,"nan [68%: nan, nan]","nan [68%: nan, nan]","nan [68%: nan, nan]","nan [68%: nan, nan]","nan [68%: nan, nan]","nan [68%: nan, nan]",SAMPL6-OA
simulation_dg-ie-gb_espaloma-0.3.1,"0.93 [68%: 0.90, 0.97]","0.81 [68%: 0.60, 1.00]","0.89 [68%: 0.70, 1.00]","4.81 [68%: 4.44, 5.15]","-4.7 [68%: -5.07, -4.34]","4.7 [68%: 4.34, 5.07]",SAMPL6-OA
simulation_dg-ie-gb_gaff-2.11,"nan [68%: nan, nan]","nan [68%: nan, nan]","nan [68%: nan, nan]","nan [68%: nan, nan]","nan [68%: nan, nan]","nan [68%: nan, nan]",SAMPL6-OA
simulation_dg-ie-gb_openff-2.0.0,"nan [68%: nan, nan]","nan [68%: nan, nan]","nan [68%: nan, nan]","nan [68%: nan, nan]","nan [68%: nan, nan]","nan [68%: nan, nan]",SAMPL6-OA
simulation_dh-pb_espaloma-0.3.1,"0.97 [68%: 0.96, 0.99]","0.90 [68%: 0.79, 1.00]","0.96 [68%: 0.89, 1.00]","8.41 [68%: 7.72, 9.06]","-8.23 [68%: -8.9, -7.58]","8.23 [68%: 7.58, 8.9]",SAMPL6-OA
simulation_dh-pb_gaff-2.11,"nan [68%: nan, nan]","nan [68%: nan, nan]","nan [68%: nan, nan]","nan [68%: nan, nan]","nan [68%: nan, nan]","nan [68%: nan, nan]",SAMPL6-OA
simulation_dh-pb_openff-2.0.0,"nan [68%: nan, nan]","nan [68%: nan, nan]","nan [68%: nan, nan]","nan [68%: nan, nan]","nan [68%: nan, nan]","nan [68%: nan, nan]",SAMPL6-OA
simulation_dh-gb_espaloma-0.3.1,"0.91 [68%: 0.89, 0.97]","0.71 [68%: 0.53, 1.00]","0.86 [68%: 0.67, 1.00]","8.92 [68%: 8.47, 9.36]","-8.85 [68%: -9.27, -8.42]","8.85 [68%: 8.42, 9.27]",SAMPL6-OA
simulation_dh-gb_gaff-2.11,"nan [68%: nan, nan]","nan [68%: nan, nan]","nan [68%: nan, nan]","nan [68%: nan, nan]","nan [68%: nan, nan]","nan [68%: nan, nan]",SAMPL6-OA
simulation_dh-gb_openff-2.0.0,"nan [68%: nan, nan]","nan [68%: nan, nan]","nan [68%: nan, nan]","nan [68%: nan, nan]","nan [68%: nan, nan]","nan [68%: nan, nan]",SAMPL6-OA
